Name,Age,City
Avery,27,Boston
Lucas,39,Denver
Ella,35,San Francisco
Jackson,42,Los Angeles
Aria,29,New York
Carter,34,Seattle
Scarlet,26,Philadelphia
Sebastian,38,Phoenix
Luna,30,Dallas
Leo,33,Portland
Evelyn,31,Atlanta
Asher,43,Miami
Stella,28,Austin
Mateo,37,Seattle
Lillian,32,Orlando
Grayson,45,Boston
Nova,36,Denver
Julian,39,San Francisco
Addison,24,Los Angeles
Charles,40,New York
Camila,27,Seattle
Isaiah,38,Philadelphia
Violet,25,Phoenix
Max,33,Dallas
Hazel,29,Portland
Sophie,34,Austin
Michael,46,Denver
Chloe,29,Chicago
Luke,37,San Francisco
Madison,44,Los Angeles
Henry,25,New York
Zoe,32,Seattle
Daniel,39,Philadelphia
Victoria,23,Phoenix
Jack,38,Dallas
Penelope,31,Portland
Wyatt,28,Atlanta
Nora,45,Miami
Owen,36,Austin
Scarlett,33,Seattle
Gabriel,30,Orlando
John,25,New York
Michael,47,Seattle
Henric,76,Colorado
Sarah,32,Los Angeles
David,45,Chicago
Emily,28,Miami
Michael,37,Dallas
Jessica,41,San Francisco
Christopher,29,Boston
Elizabeth,34,Seattle
Matthew,26,Austin
Jennifer,39,Denver
Andrew,31,Philadelphia
Amanda,36,Phoenix
Daniel,33,Houston
Nicole,27,Atlanta
Robert,43,Portland
Samantha,30,Washington
Sam,33,Washington
William,42,Orlando
Lauren,35,Nashville
Josh,34,Nashville
Brandon,24,Memphis
